salaire,anciennete,dettes,enfants,logement,pret_accorde
2897,5,407,1,propriétaire,Non
2389,10,2874,3,propriétaire,Non
3018,2,2373,1,propriétaire,Non
3718,7,3101,2,propriétaire,Oui
2312,2,461,1,locataire,Non
2312,13,2507,1,locataire,Non
3763,12,1765,4,locataire,Non
3113,12,2143,2,locataire,Non
2124,1,1776,0,locataire,Non
2934,12,2543,1,propriétaire,Non
2129,18,1837,0,propriétaire,Oui
2127,5,948,2,locataire,Non
2693,15,2086,1,locataire,Non
969,1,1785,4,locataire,Non
1120,7,1916,3,locataire,Non
2050,16,0,4,locataire,Non
1689,1,2682,4,locataire,Non
2751,9,1685,3,locataire,Non
1773,15,651,3,locataire,Non
1370,5,2922,3,propriétaire,Non
3672,1,2636,1,locataire,Non
2319,1,1672,0,locataire,Non
2554,12,847,0,locataire,Oui
1360,14,2178,3,locataire,Non
2064,1,2123,4,propriétaire,Non
2588,6,2924,2,propriétaire,Non
1579,2,1556,3,locataire,Non
2800,7,3194,4,propriétaire,Non
2019,13,1459,4,locataire,Non
2266,6,654,1,propriétaire,Oui
2018,20,867,1,locataire,Non
3981,6,1937,0,locataire,Oui
2489,0,1934,0,propriétaire,Non
1653,16,2327,2,propriétaire,Non
3158,8,1909,2,propriétaire,Oui
1523,20,2977,2,locataire,Non
2667,12,1738,2,locataire,Non
932,20,3,4,propriétaire,Non
1437,18,1878,4,locataire,Non
2657,20,0,0,locataire,Oui
3090,18,2271,1,locataire,Non
2637,16,3057,1,locataire,Non
2407,9,1013,3,locataire,Non
2259,9,3418,4,locataire,Non
1317,3,2842,2,locataire,Non
1924,7,3206,2,propriétaire,Non
2131,19,2189,3,locataire,Non
3345,19,1007,1,locataire,Oui
2774,17,2780,2,locataire,Non
1089,13,1375,1,propriétaire,Non
2759,17,2117,3,locataire,Non
2191,13,1828,1,propriétaire,Non
1958,19,3124,1,locataire,Non
2989,20,2730,1,propriétaire,Non
3324,14,1919,2,locataire,Non
3245,3,48,0,locataire,Oui
1828,12,1364,4,propriétaire,Non
2252,7,2704,1,propriétaire,Non
2765,17,2280,1,locataire,Non
3280,11,496,1,locataire,Oui
2116,13,193,0,locataire,Oui
2351,1,2195,3,propriétaire,Non
1614,17,942,2,locataire,Non
1543,1,1039,0,locataire,Non
3150,10,2672,1,locataire,Non
3584,8,3202,0,propriétaire,Oui
2442,11,1249,0,propriétaire,Oui
3302,16,1955,0,propriétaire,Oui
2789,14,1925,3,locataire,Non
1983,16,1835,4,propriétaire,Non
2789,17,2040,2,propriétaire,Non
3730,5,2756,3,propriétaire,Non
2471,16,1326,3,locataire,Non
3751,17,474,4,locataire,Oui
404,7,3690,3,propriétaire,Non
3157,8,3089,0,locataire,Oui
2569,5,896,0,locataire,Non
2260,4,2135,1,propriétaire,Non
2573,11,3010,3,propriétaire,Non
909,10,2749,1,propriétaire,Non
2324,0,2462,2,propriétaire,Non
2785,10,1829,0,locataire,Non
3682,18,3727,2,locataire,Non
2085,8,2220,4,locataire,Non
1853,1,1485,0,locataire,Non
2098,11,2871,2,locataire,Non
3232,3,2096,4,locataire,Non
2763,3,2349,2,locataire,Non
2076,17,2203,4,propriétaire,Non
2910,14,2496,4,propriétaire,Non
2577,18,1021,0,propriétaire,Oui
3274,12,548,1,propriétaire,Oui
1938,18,3434,4,propriétaire,Non
2237,16,2249,4,propriétaire,Non
2186,5,2770,0,propriétaire,Non
1329,15,240,1,propriétaire,Non
2736,11,3066,3,propriétaire,Non
2708,18,1478,3,propriétaire,Oui
2504,4,1193,1,locataire,Non
2312,16,1936,2,locataire,Non
1367,0,1022,0,locataire,Non
2163,9,1998,1,locataire,Non
2225,14,1863,3,locataire,Non
1858,20,3060,4,locataire,Non
2370,20,3513,3,locataire,Non
2823,10,3481,4,locataire,Non
4008,12,0,0,propriétaire,Oui
2639,4,1064,4,locataire,Non
2706,0,0,1,propriétaire,Non
2440,11,806,4,propriétaire,Oui
964,10,1350,2,locataire,Non
2478,16,2410,1,propriétaire,Non
2548,3,1480,0,locataire,Non
4470,14,1507,1,locataire,Non
2346,8,2181,2,locataire,Non
2741,20,290,0,locataire,Oui
2472,19,1161,3,locataire,Non
1565,18,1496,2,locataire,Non
3414,18,1797,0,locataire,Oui
3101,11,2076,4,locataire,Non
3132,4,3500,1,locataire,Non
1772,9,2908,0,propriétaire,Non
3622,16,1230,1,locataire,Oui
1378,4,1738,4,locataire,Non
2969,15,1670,0,locataire,Non
4252,6,1485,3,locataire,Oui
1707,8,2272,2,locataire,Non
2046,2,140,0,propriétaire,Oui
2579,14,2880,4,locataire,Non
2097,15,3693,0,propriétaire,Oui
1259,17,1730,1,propriétaire,Non
2554,13,1710,0,locataire,Non
1650,2,2157,3,locataire,Non
2878,11,3019,0,propriétaire,Oui
1764,8,1675,2,propriétaire,Non
3739,6,2933,0,locataire,Oui
1873,8,2488,1,propriétaire,Non
2242,12,4361,0,propriétaire,Oui
3150,17,1671,3,locataire,Non
1515,4,23,4,propriétaire,Non
2681,12,567,0,locataire,Oui
3545,3,2011,0,locataire,Non
1214,1,3027,2,propriétaire,Non
2647,15,1347,3,propriétaire,Oui
2707,8,1769,4,locataire,Non
3125,8,2684,1,locataire,Non
1510,5,1034,0,propriétaire,Non
1443,10,1388,4,propriétaire,Non
2917,0,832,1,propriétaire,Non
2737,3,3178,3,propriétaire,Non
2700,12,3541,3,propriétaire,Non
2777,12,420,4,locataire,Non
1955,12,1857,1,locataire,Non
2685,1,3407,3,locataire,Non
2734,8,2398,4,propriétaire,Non
1928,7,1510,3,propriétaire,Non
3992,6,453,3,locataire,Oui
2879,3,3152,3,locataire,Non
1546,17,2360,2,locataire,Non
3025,2,527,1,locataire,Non
1720,5,3189,4,locataire,Non
3129,11,399,4,locataire,Oui
3426,11,1779,1,locataire,Non
1843,20,1735,1,locataire,Non
3270,7,3618,1,locataire,Non
2830,0,1738,1,locataire,Non
3157,3,1735,0,propriétaire,Oui
4017,20,636,4,locataire,Oui
2303,10,1359,0,propriétaire,Oui
1897,2,1182,3,propriétaire,Non
1788,12,1234,3,locataire,Non
1847,16,2006,4,locataire,Non
2438,9,0,3,propriétaire,Oui
2772,20,489,1,propriétaire,Oui
2721,11,1888,0,propriétaire,Oui
3161,14,2121,1,propriétaire,Oui
2510,20,1766,3,locataire,Non
3662,9,1959,0,locataire,Oui
2288,13,1590,1,locataire,Non
4676,12,1981,4,locataire,Non
3000,4,2434,1,locataire,Non
1814,5,2427,3,propriétaire,Non
1643,1,1311,0,locataire,Non
2885,16,2915,4,locataire,Non
2321,3,2157,0,propriétaire,Non
3071,13,3232,4,propriétaire,Oui
2878,9,3432,0,locataire,Non
2441,2,557,3,propriétaire,Non
1822,2,1140,4,propriétaire,Non
1288,14,2813,2,locataire,Non
2142,5,335,0,locataire,Non
3185,16,3420,0,locataire,Oui
2671,11,1656,1,locataire,Non
1503,19,2575,4,locataire,Non
2638,10,1883,2,propriétaire,Non
2808,3,607,3,propriétaire,Non
1792,5,3055,1,propriétaire,Non
2622,0,4750,2,propriétaire,Non
2546,19,1484,4,propriétaire,Oui
1585,15,1677,2,locataire,Non
2786,14,0,0,locataire,Oui
2948,16,3351,0,propriétaire,Oui
3366,7,2911,1,locataire,Non
3343,11,266,4,locataire,Oui
1397,20,0,4,propriétaire,Non
1749,9,50,2,propriétaire,Non
2912,14,2645,1,locataire,Non
2911,8,2744,4,propriétaire,Non
2912,1,1076,0,locataire,Non
5582,4,2499,2,propriétaire,Non
2956,5,2158,3,locataire,Non
3408,6,1632,0,propriétaire,Oui
3263,20,2970,1,locataire,Non
3021,0,795,4,propriétaire,Oui
2247,6,3147,0,locataire,Non
3107,19,1271,3,locataire,Oui
1881,11,3781,3,locataire,Non
2310,15,994,1,locataire,Non
2111,15,1648,0,locataire,Non
2565,10,2058,2,locataire,Non
4351,20,2052,0,propriétaire,Oui
1006,3,2490,3,propriétaire,Non
3049,12,714,1,locataire,Oui
1209,6,1962,1,propriétaire,Non
2122,3,2138,2,locataire,Non
3371,14,1472,1,locataire,Oui
2551,18,2404,1,locataire,Non
1637,8,653,1,locataire,Non
1927,10,1673,1,locataire,Non
3043,7,1246,1,propriétaire,Oui
1915,0,1676,3,locataire,Non
2673,7,3447,0,locataire,Non
2536,12,3466,4,locataire,Non
1978,3,3270,1,propriétaire,Non
4215,7,1537,4,propriétaire,Oui
3007,2,2907,4,propriétaire,Non
879,8,2112,3,propriétaire,Non
2649,1,2045,1,propriétaire,Non
1970,1,1922,4,propriétaire,Non
3181,12,3758,1,locataire,Non
1865,14,3365,2,propriétaire,Non
2408,11,2744,2,locataire,Non
2903,3,1829,2,propriétaire,Non
3192,7,2039,4,propriétaire,Oui
1539,8,2530,2,propriétaire,Non
2232,4,1478,3,locataire,Non
2120,19,2938,3,propriétaire,Non
1977,17,1078,4,propriétaire,Non
3912,10,2391,1,locataire,Non
2823,14,0,0,locataire,Oui
1491,8,1449,1,propriétaire,Non
3234,16,4077,1,propriétaire,Oui
4197,11,3036,1,locataire,Non
3325,6,3535,1,locataire,Non
1284,9,1332,0,locataire,Non
2112,9,2103,2,locataire,Non
3513,12,3281,1,propriétaire,Oui
1933,18,2633,3,propriétaire,Non
2855,10,2508,4,propriétaire,Non
3119,12,3630,4,locataire,Non
1758,20,959,3,propriétaire,Non
2452,7,1815,1,locataire,Non
-93,7,245,0,locataire,Non
1680,3,904,2,locataire,Non
2297,14,3074,4,locataire,Non
1501,10,1082,2,locataire,Non
3805,10,2735,0,locataire,Oui
1355,0,3658,4,locataire,Non
2147,16,1822,2,locataire,Non
2604,14,2519,0,propriétaire,Oui
3653,19,2743,2,locataire,Non
1351,5,778,1,propriétaire,Non
3430,14,1383,0,locataire,Oui
2508,8,996,2,propriétaire,Oui
1714,13,1463,1,propriétaire,Non
2869,17,2716,1,propriétaire,Non
2659,16,1404,0,propriétaire,Oui
2019,17,1964,3,locataire,Non
2555,4,957,4,locataire,Non
2191,19,3226,0,locataire,Non
2590,19,1454,1,locataire,Non
3029,8,3522,1,locataire,Non
3768,10,2060,0,propriétaire,Oui
1509,0,593,3,locataire,Non
4206,17,1828,4,propriétaire,Oui
938,5,937,2,propriétaire,Non
2378,1,2589,0,propriétaire,Non
2970,14,1738,4,propriétaire,Non
2724,20,2163,4,propriétaire,Non
2001,13,1630,1,locataire,Non
2333,4,1444,2,locataire,Non
2105,5,1026,0,propriétaire,Oui
2028,5,2836,1,propriétaire,Non
3179,17,1826,1,propriétaire,Oui
2785,13,1685,3,locataire,Non
1945,9,1801,4,propriétaire,Non
3219,13,1321,0,locataire,Oui
2745,12,1688,0,locataire,Non
3150,2,2205,0,locataire,Non
3003,5,965,1,locataire,Non
1836,7,1110,3,locataire,Non
2051,11,3378,2,locataire,Non
3097,12,1637,1,locataire,Non
2988,10,1448,2,locataire,Non
2483,11,656,3,propriétaire,Oui
2593,0,2850,4,propriétaire,Non
3522,16,944,0,locataire,Oui
2026,15,1984,2,locataire,Non
2937,10,291,1,propriétaire,Oui
2338,12,2818,2,locataire,Non
2325,17,3176,4,locataire,Non
3379,10,2484,0,propriétaire,Oui
3160,11,465,2,propriétaire,Oui
3150,5,2838,4,locataire,Non
3544,8,1172,1,locataire,Oui
2516,15,829,3,locataire,Non
3045,3,1616,1,locataire,Non
2251,2,1596,0,locataire,Non
2759,15,1494,1,locataire,Non
2395,11,3273,1,locataire,Non
2577,10,4011,1,propriétaire,Non
2976,4,630,1,propriétaire,Non
1845,17,1311,0,propriétaire,Oui
4173,18,2142,4,propriétaire,Oui
1695,5,1611,2,locataire,Non
1528,17,2399,3,propriétaire,Non
3426,5,2915,2,locataire,Non
3133,3,2749,2,locataire,Non
2999,11,2609,3,propriétaire,Non
3002,18,3659,0,propriétaire,Oui
2490,1,411,3,propriétaire,Non
1782,16,3480,0,locataire,Non
2560,10,1587,2,propriétaire,Non
1958,10,2785,0,propriétaire,Non
3280,20,970,4,locataire,Oui
2382,15,1091,3,locataire,Non
1839,1,2662,4,locataire,Non
2242,1,71,2,propriétaire,Non
2830,7,2989,3,locataire,Non
2049,12,3259,2,locataire,Non
1842,9,2177,4,locataire,Non
2694,7,2141,2,locataire,Non
2695,3,1166,3,propriétaire,Non
2094,14,2674,3,locataire,Non
2123,0,2347,2,propriétaire,Non
2685,10,1078,3,propriétaire,Oui
1341,6,1608,3,propriétaire,Non
1374,16,1840,2,locataire,Non
1925,19,1607,4,locataire,Non
2329,17,637,3,locataire,Non
2748,11,2699,3,locataire,Non
3680,8,1756,3,locataire,Non
3186,4,2015,3,propriétaire,Non
2372,9,1421,2,locataire,Non
2484,3,2475,4,locataire,Non
1697,4,2198,4,locataire,Non
2485,9,3212,0,locataire,Non
2269,10,2480,3,propriétaire,Non
2758,20,1797,3,locataire,Non
1838,9,1260,0,locataire,Non
2915,7,2865,4,propriétaire,Non
3726,1,1717,1,locataire,Non
2412,7,1828,1,locataire,Non
2821,15,1828,4,locataire,Non
3052,4,1598,3,locataire,Non
2179,2,1845,1,locataire,Non
2679,11,3926,2,locataire,Non
2510,12,952,2,propriétaire,Oui
2578,12,1185,0,locataire,Oui
1881,9,3384,4,propriétaire,Non
2519,3,1625,4,propriétaire,Non
2898,8,1549,1,locataire,Non
3660,1,3034,3,locataire,Non
3267,18,579,4,locataire,Oui
4222,0,2821,1,propriétaire,Non
1886,6,2045,1,propriétaire,Non
3197,16,2464,4,propriétaire,Oui
2646,2,2446,1,locataire,Non
4251,19,1372,0,propriétaire,Oui
1853,19,3051,0,locataire,Non
1828,20,1449,4,locataire,Non
2020,2,2408,3,locataire,Non
800,2,3237,0,locataire,Non
2079,16,3378,0,locataire,Non
1892,6,1732,4,propriétaire,Non
2620,13,2463,2,propriétaire,Non
2773,16,1640,1,propriétaire,Non
4000,17,4503,0,locataire,Oui
3260,12,2780,2,propriétaire,Oui
2038,19,2084,3,locataire,Non
1781,19,2312,2,locataire,Non
2893,20,2407,4,locataire,Non
1443,17,2436,3,locataire,Non
3965,3,1760,3,locataire,Non
3443,0,1605,2,locataire,Non
2124,17,1848,4,locataire,Non
1129,0,860,0,propriétaire,Non
3583,12,2718,2,locataire,Non
2408,19,1198,0,propriétaire,Oui
3490,19,940,2,propriétaire,Oui
1224,9,1985,0,locataire,Non
2020,10,1869,2,propriétaire,Non
2504,8,2249,3,locataire,Non
2537,8,1431,1,propriétaire,Oui
2139,4,1607,3,locataire,Non
2998,0,2692,0,propriétaire,Non
1645,16,2631,4,propriétaire,Non
2386,1,2589,3,propriétaire,Non
2596,12,2033,1,propriétaire,Non
2911,8,2168,0,locataire,Non
3069,3,2230,3,locataire,Non
1600,4,1343,2,locataire,Non
1272,10,3474,4,locataire,Non
3522,18,3331,0,locataire,Oui
2765,20,2794,3,propriétaire,Non
1901,2,1574,0,locataire,Non
3740,11,2539,2,propriétaire,Oui
2592,18,2978,1,propriétaire,Non
3443,18,776,3,locataire,Oui
2554,12,3694,0,propriétaire,Oui
4148,6,260,0,locataire,Oui
3904,14,2704,0,propriétaire,Oui
2300,6,3453,1,locataire,Non
3277,7,1886,0,locataire,Oui
3016,4,1849,4,locataire,Non
3594,20,2667,4,locataire,Non
1728,13,3851,0,locataire,Non
3048,3,1718,4,locataire,Non
3346,9,1219,3,locataire,Oui
1093,19,1576,4,propriétaire,Non
1553,14,447,0,locataire,Non
868,17,2897,2,locataire,Non
2284,19,1485,3,propriétaire,Oui
3074,12,1791,1,propriétaire,Oui
3701,7,2909,0,propriétaire,Oui
2559,8,1623,1,locataire,Non
3802,15,2759,2,locataire,Non
1395,18,961,1,locataire,Non
1137,15,2958,0,locataire,Non
2455,6,2341,0,propriétaire,Oui
2807,13,1911,2,locataire,Non
2473,13,2130,0,propriétaire,Oui
846,3,713,2,locataire,Non
2428,14,2108,2,propriétaire,Non
1456,2,1858,0,locataire,Non
3035,4,740,4,propriétaire,Oui
2793,0,1328,2,propriétaire,Non
1748,2,1870,0,propriétaire,Non
2088,14,1392,4,locataire,Non
1652,7,0,2,locataire,Non
2449,3,3076,4,propriétaire,Non
3264,1,1857,3,locataire,Non
1711,9,0,3,locataire,Non
2903,3,4134,4,locataire,Non
2075,2,3241,2,locataire,Non
1865,1,1651,0,locataire,Non
2414,16,1157,1,locataire,Non
1671,20,2403,0,locataire,Non
2057,19,2202,1,locataire,Non
1541,12,2542,1,locataire,Non
4071,4,1160,2,locataire,Non
2528,20,3097,4,locataire,Non
1940,8,1526,0,propriétaire,Non
2671,5,2680,4,propriétaire,Non
2410,4,1203,3,propriétaire,Non
2323,9,4648,2,propriétaire,Non
2991,7,2695,2,locataire,Non
3106,6,4884,3,propriétaire,Oui
2075,6,2827,0,locataire,Non
2039,5,1438,3,propriétaire,Non
2279,20,2829,0,locataire,Non
658,19,2900,1,propriétaire,Non
1287,2,2373,2,locataire,Non
3593,18,2630,0,locataire,Oui
3815,14,2761,4,propriétaire,Oui
2300,3,1006,4,locataire,Non
2961,11,935,2,locataire,Non
2749,5,1205,3,locataire,Non
4963,18,2127,3,locataire,Non
3395,3,1776,0,locataire,Non
2397,14,1024,3,propriétaire,Oui
1735,8,2775,2,locataire,Non
1214,4,2283,0,locataire,Non
2662,12,2168,1,locataire,Non
1894,17,1742,3,propriétaire,Non
1362,4,1621,3,propriétaire,Non
1982,15,1158,0,propriétaire,Oui
1634,18,2933,4,propriétaire,Non
3849,13,1296,3,propriétaire,Oui
3205,15,2209,2,propriétaire,Oui
2493,14,3662,3,propriétaire,Non
3683,3,1667,1,locataire,Non
2561,6,2960,3,propriétaire,Non
1810,15,2568,4,locataire,Non
3718,20,2311,3,propriétaire,Oui
2931,20,2430,0,propriétaire,Oui
1670,7,1905,3,propriétaire,Non
2347,16,2034,4,propriétaire,Non
1799,15,1451,0,locataire,Non
1393,9,2041,2,locataire,Non
3240,9,1414,0,locataire,Oui
4027,1,3005,1,propriétaire,Non
1381,8,300,0,propriétaire,Oui
2950,16,2481,2,propriétaire,Non
1979,10,2336,3,propriétaire,Non
2110,9,2246,0,propriétaire,Oui
2026,16,3024,0,propriétaire,Oui
1808,3,1713,0,propriétaire,Non
2538,15,2255,0,propriétaire,Oui
1835,19,283,2,propriétaire,Non
2716,14,1584,4,locataire,Non
2459,20,2855,4,propriétaire,Non
2308,4,660,0,locataire,Non
1773,5,2159,2,locataire,Non
2038,16,1322,2,propriétaire,Oui
3104,0,1889,0,locataire,Non
2900,18,1382,1,propriétaire,Oui
1717,3,752,0,locataire,Non
2579,16,2386,1,locataire,Non
3101,8,1950,0,locataire,Oui
1164,1,2612,1,locataire,Non
2934,7,2794,1,locataire,Non
1969,14,3225,0,locataire,Non
2956,6,2133,1,locataire,Non
1889,5,3268,3,locataire,Non
1056,0,1024,4,locataire,Non
1197,14,2908,2,propriétaire,Non
2538,6,2459,1,locataire,Non
2707,16,2233,1,propriétaire,Non
1776,1,2444,2,propriétaire,Non
3010,8,1039,1,locataire,Oui
1170,8,803,2,propriétaire,Non
2447,12,3709,0,propriétaire,Oui
1531,5,1831,3,propriétaire,Non
1978,5,1817,3,locataire,Non
2537,19,897,4,propriétaire,Oui
1811,19,518,1,propriétaire,Non
2192,20,1911,4,locataire,Non
3305,2,1658,0,locataire,Non
2038,16,2001,3,locataire,Non
3168,16,2087,0,propriétaire,Oui
1596,11,4489,0,locataire,Non
2923,15,1661,1,propriétaire,Non
3653,14,3579,0,locataire,Oui
522,12,3642,3,propriétaire,Non
1862,0,2753,4,locataire,Non
2961,16,1764,3,locataire,Non
2337,2,638,1,locataire,Non
2796,14,2477,3,locataire,Non
2016,3,3018,2,locataire,Non
2569,3,3747,4,locataire,Non
2375,17,1050,2,locataire,Non
3434,16,1756,2,propriétaire,Oui
2703,18,1056,1,propriétaire,Oui
2770,10,1366,0,locataire,Oui
2170,19,2664,2,locataire,Non
2109,2,1320,3,locataire,Non
2153,7,1175,0,propriétaire,Oui
2815,13,2796,3,locataire,Non
2163,0,2450,3,locataire,Non
2731,13,2350,0,locataire,Non
4160,1,1347,0,propriétaire,Oui
3196,3,3293,3,locataire,Non
2239,18,2014,1,propriétaire,Non
3460,5,4380,4,locataire,Non
2173,0,2161,4,locataire,Non
869,16,0,1,locataire,Non
1693,7,0,0,locataire,Non
1003,18,2623,3,locataire,Non
2218,20,3300,4,locataire,Non
2514,0,1216,3,locataire,Non
3841,4,4100,1,locataire,Non
2761,15,3662,3,locataire,Non
2324,5,2210,1,propriétaire,Non
3163,7,2539,0,locataire,Oui
731,12,2894,1,propriétaire,Non
2688,15,3889,1,locataire,Non
3116,2,2682,4,locataire,Non
1317,18,2187,3,locataire,Non
3415,11,2672,4,locataire,Non
2770,15,2537,2,locataire,Non
2167,10,2924,1,locataire,Non
3006,9,429,2,propriétaire,Oui
4316,19,2315,4,locataire,Non
2645,3,2460,3,locataire,Non
2698,11,1927,4,locataire,Non
2132,1,2784,3,locataire,Non
1820,18,3921,3,propriétaire,Non
3164,4,2138,0,locataire,Non
1815,7,2691,1,locataire,Non
2557,6,3606,4,locataire,Non
2117,13,2161,3,locataire,Non
2883,2,1111,4,propriétaire,Non
2766,17,2615,4,propriétaire,Non
3330,15,0,3,locataire,Oui
2091,18,0,2,locataire,Non
2284,18,2333,1,propriétaire,Non
1716,17,0,1,locataire,Non
2144,19,684,0,locataire,Oui
2801,15,1619,0,propriétaire,Oui
3105,7,1278,0,locataire,Oui
1762,0,1852,1,locataire,Non
3195,16,3112,2,locataire,Non
3584,11,2238,1,propriétaire,Oui
2830,20,1160,1,locataire,Non
4001,10,3354,1,propriétaire,Oui
1880,4,571,1,propriétaire,Non
1504,11,2221,2,locataire,Non
1077,16,459,0,locataire,Non
3696,5,2252,4,locataire,Non
3023,0,1681,0,locataire,Non
2455,4,3082,0,propriétaire,Non
2723,13,2720,4,locataire,Non
1599,4,1412,1,locataire,Non
4456,0,1221,2,propriétaire,Oui
2603,17,1684,2,locataire,Non
2587,15,3875,0,propriétaire,Oui
3080,8,3619,4,propriétaire,Oui
2884,18,1031,3,locataire,Non
2679,4,2800,1,locataire,Non
1867,1,268,0,propriétaire,Non
2877,14,1552,2,propriétaire,Non
4005,6,1072,4,locataire,Oui
3576,3,3069,4,locataire,Non
3774,0,709,0,locataire,Oui
2091,12,2429,3,locataire,Non
1708,19,2000,2,locataire,Non
2399,6,1824,0,locataire,Non
2544,14,3671,3,locataire,Non
3375,13,3759,4,locataire,Non
1146,18,1855,1,propriétaire,Non
3723,19,1654,2,propriétaire,Oui
2373,17,493,2,locataire,Non
2158,9,1995,3,locataire,Non
1690,8,3953,0,locataire,Non
1176,7,1871,4,locataire,Non
3158,9,2728,3,propriétaire,Oui
2558,16,602,1,locataire,Non
1468,1,1565,1,propriétaire,Non
1463,5,2462,1,locataire,Non
2231,4,2105,3,propriétaire,Non
3835,8,2824,4,locataire,Non
2292,4,1397,2,locataire,Non
1297,17,250,0,locataire,Non
2303,19,3122,2,propriétaire,Non
2281,8,1063,4,propriétaire,Oui
342,16,2506,2,propriétaire,Non
2456,16,2450,3,propriétaire,Non
2315,11,336,1,propriétaire,Oui
3056,6,3049,4,locataire,Non
3979,2,1433,4,locataire,Non
3401,9,2055,2,propriétaire,Oui
2284,1,1641,3,propriétaire,Non
1614,2,3622,2,propriétaire,Non
4558,15,3343,2,locataire,Non
2547,1,187,4,locataire,Non
2511,9,4258,2,propriétaire,Non
2480,5,1321,1,locataire,Non
2658,10,4102,2,locataire,Non
2384,6,1743,1,propriétaire,Non
2041,14,1659,4,propriétaire,Non
2062,5,1752,3,locataire,Non
2473,19,1599,1,propriétaire,Non
2065,8,4524,3,propriétaire,Non
1929,19,1923,3,propriétaire,Non
2585,11,1697,1,propriétaire,Non
2296,18,2077,4,locataire,Non
3703,19,1032,0,locataire,Oui
379,2,3597,3,locataire,Non
3373,14,528,3,locataire,Oui
3496,1,1385,4,locataire,Non
841,20,2936,4,locataire,Non
2225,1,2042,2,locataire,Non
2202,2,2549,4,locataire,Non
1373,5,3533,3,locataire,Non
1877,14,3003,1,propriétaire,Non
1611,9,2137,0,locataire,Non
3901,8,4089,2,locataire,Non
3248,0,1371,1,locataire,Non
3517,15,1899,0,locataire,Oui
3077,5,1969,0,propriétaire,Oui
1596,8,1897,0,locataire,Non
2080,3,930,1,locataire,Non
2891,1,416,2,locataire,Non
1522,3,2417,2,locataire,Non
3070,0,1366,0,locataire,Oui
2307,18,3907,1,locataire,Non
2200,9,1927,0,locataire,Non
3068,20,1748,4,propriétaire,Oui
2855,14,3094,2,propriétaire,Non
2211,18,2402,3,locataire,Non
3427,15,1824,0,locataire,Oui
1635,20,1359,4,locataire,Non
2992,3,5657,2,locataire,Non
2974,1,2361,1,locataire,Non
2252,12,3084,2,propriétaire,Non
2760,0,977,1,locataire,Non
1499,16,1422,1,propriétaire,Non
3239,12,4112,0,locataire,Oui
2352,3,3396,0,propriétaire,Non
2081,6,2457,2,propriétaire,Non
3339,16,1618,4,propriétaire,Oui
1936,8,1765,2,locataire,Non
1373,3,1323,3,propriétaire,Non
1254,18,843,1,propriétaire,Non
2984,0,2923,1,propriétaire,Non
1475,9,2538,0,locataire,Non
3903,3,2736,4,propriétaire,Non
834,8,1663,0,locataire,Non
3857,12,2255,3,locataire,Non
2668,13,1567,2,propriétaire,Non
2422,9,1272,2,locataire,Non
2064,5,3667,4,locataire,Non
2819,15,2121,0,locataire,Non
2469,5,2507,0,propriétaire,Non
3382,16,2835,3,locataire,Non
2591,9,2134,2,locataire,Non
2620,17,2240,0,locataire,Non
2209,17,913,4,propriétaire,Oui
2454,2,1103,2,locataire,Non
2746,19,1052,3,propriétaire,Oui
1131,20,2605,4,locataire,Non
1421,14,2070,1,propriétaire,Non
3094,14,1103,3,propriétaire,Oui
2636,3,2580,4,locataire,Non
2352,8,2543,0,locataire,Non
2514,18,1305,1,propriétaire,Oui
2778,16,1972,3,locataire,Non
2068,10,2547,0,locataire,Non
1877,8,1141,1,propriétaire,Non
2656,9,2566,2,propriétaire,Non
1717,17,2301,0,locataire,Non
2826,19,1000,4,locataire,Non
1137,12,2219,3,locataire,Non
3323,7,2365,1,locataire,Non
2878,6,1373,0,propriétaire,Oui
2704,16,1452,2,propriétaire,Oui
3286,20,991,3,propriétaire,Oui
3832,14,1551,3,locataire,Non
3311,19,1987,0,locataire,Oui
1027,14,1455,2,locataire,Non
1476,0,515,1,locataire,Non
2000,13,1311,0,propriétaire,Oui
2520,4,1582,1,locataire,Non
2914,10,2816,3,propriétaire,Non
1919,15,2594,1,propriétaire,Non
2649,1,2836,2,propriétaire,Non
1895,7,1260,4,propriétaire,Non
2010,10,2141,2,propriétaire,Non
1374,17,0,1,locataire,Non
1761,2,2428,0,locataire,Non
1418,0,2610,3,locataire,Non
1719,10,1648,4,locataire,Non
3342,15,2295,0,propriétaire,Oui
1740,17,485,0,propriétaire,Oui
4605,15,1198,2,locataire,Oui
2894,9,2765,1,locataire,Non
2647,17,2511,2,locataire,Non
1813,5,1588,1,propriétaire,Non
3060,18,2811,2,propriétaire,Oui
2039,3,2138,0,propriétaire,Non
2597,12,1495,3,locataire,Non
4548,13,1817,1,locataire,Non
2423,2,1544,4,propriétaire,Non
3419,9,816,4,propriétaire,Oui
1937,5,3256,0,locataire,Non
2472,0,1431,2,propriétaire,Non
3916,13,1167,2,locataire,Oui
1998,7,470,0,propriétaire,Oui
3949,18,0,4,propriétaire,Oui
3066,13,2701,4,propriétaire,Oui
2050,9,2793,2,locataire,Non
3005,16,3193,1,locataire,Non
3278,8,1850,3,propriétaire,Oui
2997,5,1678,1,propriétaire,Non
1243,10,1492,4,locataire,Non
1918,6,1583,1,propriétaire,Non
2301,16,3119,3,locataire,Non
2440,0,1973,1,propriétaire,Non
2996,4,2378,1,propriétaire,Non
2642,8,1557,1,locataire,Non
1431,17,3320,1,locataire,Non
2804,20,95,0,locataire,Oui
2988,1,779,4,locataire,Non
2947,10,2379,3,locataire,Non
3364,5,3750,4,propriétaire,Non
3167,7,1774,0,propriétaire,Oui
2867,3,1157,0,locataire,Non
2443,17,3000,0,locataire,Non
1171,10,2323,0,locataire,Non
2843,4,3290,1,locataire,Non
2666,14,709,4,locataire,Non
2717,17,3211,2,propriétaire,Non
1478,1,451,3,propriétaire,Non
1635,10,1711,0,locataire,Non
3342,12,2412,4,propriétaire,Oui
2468,3,2186,0,propriétaire,Non
3045,6,3060,0,locataire,Oui
2522,10,173,0,propriétaire,Oui
2523,3,2141,0,propriétaire,Non
3250,14,3199,0,locataire,Oui
2087,0,2059,3,locataire,Non
2576,2,857,4,propriétaire,Non
2130,13,3007,0,propriétaire,Oui
2152,5,1351,0,locataire,Non
2252,17,1175,0,locataire,Oui
2677,0,1049,0,locataire,Non
2117,5,1801,1,propriétaire,Non
3504,5,2183,1,locataire,Non
1784,20,730,2,propriétaire,Non
2350,15,936,0,locataire,Oui
2148,4,1305,2,locataire,Non
3657,16,1045,3,locataire,Oui
2657,9,2036,2,locataire,Non
3325,20,2361,4,locataire,Non
1311,17,2223,1,locataire,Non
2713,6,2225,1,locataire,Non
3211,2,3670,0,locataire,Non
2565,12,2423,0,locataire,Non
3352,14,2783,3,locataire,Non
2086,19,1585,3,propriétaire,Non
3627,18,2944,4,propriétaire,Oui
4339,2,1537,0,propriétaire,Oui
2209,3,2411,0,locataire,Non
2143,4,628,3,locataire,Non
3662,0,2166,3,locataire,Non
3763,3,1024,3,locataire,Non
2081,11,2936,1,propriétaire,Non
2163,9,2875,2,locataire,Non
2274,20,1533,2,locataire,Non
1424,19,4049,0,locataire,Non
1765,12,1714,1,propriétaire,Non
1696,13,387,3,propriétaire,Non
1885,4,1220,0,locataire,Non
2472,3,955,1,locataire,Non
2687,13,2379,4,propriétaire,Non
3740,9,764,1,propriétaire,Oui
1701,16,1460,0,locataire,Non
3287,9,2314,2,locataire,Non
2328,6,2138,3,propriétaire,Non
2460,15,1987,4,propriétaire,Non
3039,0,2126,1,locataire,Non
1601,16,1629,0,locataire,Non
2805,20,396,0,propriétaire,Oui
2633,8,1603,3,propriétaire,Non
2893,5,2468,0,propriétaire,Non
2731,18,1863,0,propriétaire,Oui
4464,12,2391,3,locataire,Non
1989,2,1413,4,propriétaire,Non
2075,6,2994,2,locataire,Non
2001,8,0,2,propriétaire,Oui
2055,4,2141,1,locataire,Non
1990,9,3348,4,propriétaire,Non
3451,16,3497,1,locataire,Non
3636,11,1768,2,locataire,Non
2043,15,673,3,locataire,Non
1834,2,3366,0,propriétaire,Non
2877,8,1948,2,propriétaire,Non
2058,14,1841,4,propriétaire,Non
3006,4,1107,2,locataire,Non
2662,12,750,4,locataire,Non
1287,13,2563,4,propriétaire,Non
3738,19,2669,4,propriétaire,Oui
3936,14,2201,1,propriétaire,Oui
2009,15,1235,3,propriétaire,Oui
2189,12,935,2,propriétaire,Oui
2728,16,567,3,locataire,Non
2767,7,1439,0,propriétaire,Oui
3026,20,994,2,propriétaire,Oui
4108,1,290,3,propriétaire,Oui
2358,4,2651,3,propriétaire,Non
1861,5,680,0,locataire,Non
1396,11,2983,4,locataire,Non
1915,17,2394,2,locataire,Non
2473,0,2294,2,locataire,Non
3935,16,3665,0,propriétaire,Oui
2085,10,714,4,propriétaire,Oui
2679,9,2873,2,locataire,Non
2486,18,1702,2,locataire,Non
3450,13,4571,2,propriétaire,Oui
4521,9,1619,4,propriétaire,Oui
2075,14,1457,0,locataire,Oui
2108,18,2425,2,propriétaire,Non
3335,3,1791,3,locataire,Non
3045,1,1241,4,locataire,Non
3977,8,1029,1,locataire,Oui
2967,9,3458,0,locataire,Non
2212,10,836,3,locataire,Non
2972,13,2223,2,propriétaire,Non
3386,6,3056,1,propriétaire,Oui
3156,14,3104,0,locataire,Oui
2905,18,1398,4,locataire,Non
3353,14,1793,1,locataire,Non
3435,7,1599,1,propriétaire,Oui
3605,10,464,3,propriétaire,Oui
3018,8,2537,0,locataire,Oui
2366,14,2038,3,locataire,Non
2617,0,3440,3,propriétaire,Non
3465,0,1176,2,locataire,Non
1846,18,3088,4,locataire,Non
2794,2,3159,1,propriétaire,Non
2185,9,2047,0,locataire,Non
2522,7,0,4,locataire,Non
3522,14,1487,4,locataire,Oui
2652,9,3785,0,locataire,Non
2537,0,2297,4,propriétaire,Non
1412,17,2693,2,propriétaire,Non
3097,1,1910,4,propriétaire,Non
3016,18,1776,2,propriétaire,Oui
4230,12,132,1,locataire,Oui
2253,0,2794,1,propriétaire,Non
2675,1,3079,3,propriétaire,Non
2699,15,1049,2,locataire,Non
3761,14,1821,1,locataire,Non
2423,12,1686,4,propriétaire,Non
2723,15,2420,0,propriétaire,Oui
2986,16,1455,0,locataire,Oui
2649,20,2931,2,locataire,Non
2142,6,2071,3,propriétaire,Non
2655,16,0,4,locataire,Non
3358,6,2442,2,propriétaire,Oui
1678,12,2996,0,locataire,Non
2606,4,847,2,propriétaire,Non
1939,16,2408,4,locataire,Non
3456,2,3829,1,locataire,Non
1281,6,2112,4,locataire,Non
2052,16,3141,1,locataire,Non
2801,6,1557,1,propriétaire,Non
3752,20,1982,1,locataire,Non
2447,0,1795,2,locataire,Non
2055,16,1612,0,locataire,Non
4004,16,1852,2,propriétaire,Oui
1341,10,369,0,propriétaire,Oui
740,2,1669,4,locataire,Non
2852,14,3337,3,propriétaire,Non
2098,20,1036,4,propriétaire,Oui
1683,10,933,2,propriétaire,Non
3066,15,2061,2,locataire,Non
2695,8,2111,0,propriétaire,Oui
2048,0,2377,2,locataire,Non
1475,15,1886,1,locataire,Non
3197,8,2071,2,locataire,Non
3020,18,1649,0,locataire,Oui
2420,11,724,0,locataire,Oui
3977,18,1928,1,propriétaire,Oui
1643,8,2724,0,locataire,Non
1279,6,2515,3,locataire,Non
1946,13,255,4,locataire,Non
2463,18,2251,2,locataire,Non
2694,18,1107,3,locataire,Non
2307,1,3392,2,locataire,Non
2781,8,2326,3,locataire,Non
1498,12,2896,2,locataire,Non
3655,14,2021,1,locataire,Non
2434,2,1933,0,locataire,Non
3393,10,3495,0,propriétaire,Oui
2774,20,2972,1,propriétaire,Non
2865,13,2117,3,propriétaire,Non
2955,7,1800,4,locataire,Non
2858,17,292,3,locataire,Non
3014,18,2324,0,propriétaire,Oui
3563,15,1873,4,locataire,Non
2657,1,2553,2,locataire,Non
3067,7,2857,4,locataire,Non
2428,5,3232,3,locataire,Non
3652,11,2336,1,locataire,Non
1958,14,953,2,propriétaire,Non
3940,7,0,3,locataire,Oui
2467,3,1175,2,propriétaire,Non
1355,14,3333,4,locataire,Non
2602,19,3823,0,locataire,Non
1955,16,1762,3,propriétaire,Non
3172,12,539,1,propriétaire,Oui
1977,17,1351,4,locataire,Non
2143,1,3137,3,locataire,Non
988,12,1408,1,propriétaire,Non
2138,12,2589,3,locataire,Non
560,14,2168,4,locataire,Non
1232,19,2710,3,propriétaire,Non
3108,9,3818,2,locataire,Non
3128,2,2589,4,locataire,Non
2840,18,2146,3,locataire,Non
1726,2,3928,0,locataire,Non
2461,13,2349,3,propriétaire,Non
2497,7,1207,2,locataire,Non
1573,3,2687,1,propriétaire,Non
3702,19,2447,1,locataire,Non
3201,10,1692,1,locataire,Non
2323,10,1482,0,locataire,Oui
2521,10,1701,2,propriétaire,Non
2666,1,1468,4,propriétaire,Non
866,16,1734,1,locataire,Non
2302,8,1157,2,locataire,Non
1954,1,2386,3,locataire,Non
1698,14,2311,0,propriétaire,Non
2275,15,2345,2,locataire,Non
3938,3,1937,2,propriétaire,Non
3012,7,1822,4,locataire,Non
2043,8,3442,2,locataire,Non
2958,4,2067,4,locataire,Non
3619,15,3263,0,locataire,Oui
3239,12,1003,0,propriétaire,Oui
2547,6,2589,3,propriétaire,Non
1982,19,1265,4,locataire,Non
3058,16,1443,4,locataire,Oui
2814,2,1588,1,locataire,Non
3216,4,1525,1,propriétaire,Non
3008,18,1530,3,locataire,Non
3339,11,3217,0,locataire,Oui
2071,6,2045,1,locataire,Non
3553,8,2225,2,locataire,Non
2658,5,1542,0,locataire,Non
4160,16,2856,2,locataire,Non
1948,15,2355,4,locataire,Non
3888,2,1691,0,propriétaire,Oui
2658,20,415,3,locataire,Non
1978,3,2216,4,locataire,Non
2112,9,2575,4,propriétaire,Non
2243,4,1021,2,locataire,Non
2839,20,1704,4,propriétaire,Non
2918,9,2537,1,locataire,Non
2041,11,429,0,locataire,Oui
2480,9,1351,1,locataire,Non
4213,12,2376,2,locataire,Non
3882,10,3105,2,propriétaire,Oui
2849,15,4185,0,locataire,Non
2530,7,3958,4,locataire,Non
2596,7,2143,3,locataire,Non
2990,7,1515,2,locataire,Non
1681,12,2923,0,locataire,Non
2294,1,1456,3,locataire,Non
1165,11,1237,4,locataire,Non
2819,9,1694,2,propriétaire,Non
3017,11,1569,0,locataire,Oui
2113,10,2412,0,propriétaire,Oui
3759,14,1397,0,propriétaire,Oui
1519,15,2085,2,locataire,Non
1328,16,3594,3,propriétaire,Non
2679,1,2122,0,propriétaire,Non
3337,17,3516,4,locataire,Non
3847,11,3202,0,propriétaire,Oui
2132,18,2592,3,locataire,Non
3362,17,1645,2,locataire,Non
2469,16,3040,0,propriétaire,Oui
2361,5,1750,0,locataire,Non
3206,14,1997,4,locataire,Non
3021,2,2330,4,locataire,Non
1238,5,1994,0,propriétaire,Non
3681,2,1279,0,propriétaire,Oui
3604,0,472,4,locataire,Non
1999,12,2959,3,propriétaire,Non
2816,20,2570,1,locataire,Non
2895,13,279,1,locataire,Non
2708,12,1253,0,propriétaire,Oui
2059,3,2179,4,propriétaire,Non
1962,6,2442,2,locataire,Non
2479,9,481,2,locataire,Non
3438,6,1910,1,propriétaire,Oui
2934,20,2539,3,propriétaire,Non
2203,14,1648,1,propriétaire,Non
3117,14,2255,0,locataire,Oui
221,3,1512,3,propriétaire,Non
3419,5,2909,2,propriétaire,Non
1108,19,1200,4,locataire,Non
2210,4,857,4,propriétaire,Non
1604,19,2028,0,propriétaire,Non
1464,11,566,1,propriétaire,Non
3428,0,0,0,propriétaire,Oui
2125,7,3083,4,propriétaire,Non
2777,0,1015,2,propriétaire,Non
2462,4,666,4,locataire,Non
2881,5,1188,3,propriétaire,Non
2561,20,1143,4,propriétaire,Oui
1473,2,1857,4,propriétaire,Non
3297,14,906,3,locataire,Oui
2104,4,2498,1,locataire,Non
1254,13,2646,4,locataire,Non
2157,17,725,0,propriétaire,Oui
3700,15,1381,4,propriétaire,Oui
3180,5,1476,0,locataire,Oui
2221,13,1834,3,locataire,Non
2220,7,3082,4,locataire,Non
2242,6,3140,3,locataire,Non
4161,7,4498,3,propriétaire,Oui
2805,12,0,1,locataire,Non
2844,5,1075,4,locataire,Non
3324,17,3814,0,locataire,Oui
2691,1,199,0,locataire,Non
2292,7,3791,4,propriétaire,Non
2342,10,2147,1,locataire,Non
2442,0,2184,1,propriétaire,Non
2470,5,720,1,locataire,Non
3082,15,1548,0,locataire,Oui
2541,19,3747,3,locataire,Non
3086,11,1952,1,propriétaire,Oui
2435,10,1555,0,locataire,Non
2562,9,2405,0,propriétaire,Oui
901,2,1807,3,propriétaire,Non
3233,12,2345,4,locataire,Non
2777,2,1150,4,propriétaire,Non
3298,14,1922,1,propriétaire,Oui
182,15,1358,1,locataire,Non
4170,12,196,3,locataire,Oui
2388,16,2481,1,propriétaire,Non
3386,2,766,3,locataire,Non
1668,19,1835,0,propriétaire,Non
2990,10,2926,1,locataire,Non
1657,20,502,0,locataire,Non
2000,18,2604,2,propriétaire,Non
4031,10,1700,3,propriétaire,Oui
2347,15,1033,2,locataire,Non
2673,20,4022,1,propriétaire,Non
3196,2,1999,0,locataire,Non
2896,5,1431,1,locataire,Non
2620,13,1219,2,propriétaire,Oui
2791,17,2881,1,locataire,Non
4422,16,1387,4,locataire,Oui
2453,3,2756,2,locataire,Non
2660,14,1997,1,propriétaire,Non
3340,10,3116,0,locataire,Oui
3384,2,957,1,locataire,Non
3449,2,1096,0,propriétaire,Oui
3010,15,1718,4,locataire,Non
1585,4,1801,1,propriétaire,Non
3806,20,1645,4,propriétaire,Oui
1582,9,4631,2,locataire,Non
2742,18,4063,0,locataire,Non
1896,3,2299,2,locataire,Non
2448,18,2416,0,propriétaire,Oui
2763,10,1763,4,propriétaire,Non
2757,1,950,3,locataire,Non
2837,9,1817,1,locataire,Non
3790,10,2771,4,locataire,Non
2862,19,3305,0,locataire,Non
2304,15,2995,0,locataire,Non
3271,18,490,0,propriétaire,Oui
3451,10,1710,0,locataire,Oui
1517,13,531,1,propriétaire,Non
2977,1,3168,2,locataire,Non
3060,4,1587,3,locataire,Non
2261,4,1952,1,locataire,Non
3600,18,2480,0,propriétaire,Oui
2379,20,4766,1,locataire,Non
2600,11,2268,4,locataire,Non
2361,17,1761,0,locataire,Non
2512,3,758,3,propriétaire,Non
1622,16,3458,0,locataire,Non
1347,9,1818,3,locataire,Non
3775,19,3657,3,propriétaire,Oui
1822,5,3105,2,propriétaire,Non
1706,13,1537,2,locataire,Non
777,10,607,1,propriétaire,Non
1988,10,2272,1,locataire,Non
1441,17,1385,3,propriétaire,Non
3813,17,2039,0,propriétaire,Oui
3307,10,3049,4,locataire,Non
1949,20,346,4,propriétaire,Non
4301,11,2264,0,locataire,Oui
3285,4,2759,0,locataire,Non
2240,8,2808,2,propriétaire,Non
500,8,636,4,propriétaire,Non
4332,9,2419,3,locataire,Non
1388,18,3203,1,locataire,Non
1183,0,2343,2,locataire,Non
3318,6,1884,4,propriétaire,Oui
4451,3,3139,0,propriétaire,Oui
3607,0,1305,4,propriétaire,Oui
2951,14,470,3,locataire,Non
2975,7,1799,2,propriétaire,Non
3182,11,2535,0,propriétaire,Oui
3107,17,3038,3,propriétaire,Oui
2724,14,2530,1,locataire,Non
2583,16,2835,2,locataire,Non
2449,13,3045,3,locataire,Non
1896,13,1660,3,propriétaire,Non
2275,17,1852,0,locataire,Non
1145,19,3287,1,propriétaire,Non
2421,17,789,3,locataire,Non
1709,15,2429,2,propriétaire,Non
1617,0,1283,3,locataire,Non
2643,10,3100,4,locataire,Non
3613,14,1982,2,locataire,Non
3234,11,2007,2,locataire,Non
1243,7,3728,3,locataire,Non
1708,19,923,0,propriétaire,Oui
3252,5,2215,2,locataire,Non
1714,2,1819,4,locataire,Non
2320,12,2532,0,locataire,Non
2940,12,3929,0,locataire,Non
1725,1,1394,0,locataire,Non
2584,4,802,2,locataire,Non
1432,16,1190,0,locataire,Non
2018,5,1767,3,locataire,Non
2755,1,2064,0,propriétaire,Non
1225,3,2114,4,locataire,Non
2852,10,3802,1,locataire,Non
2484,7,3624,4,locataire,Non
2941,11,3302,2,propriétaire,Non
2679,7,4514,0,propriétaire,Oui
3591,10,2824,0,propriétaire,Oui
2600,19,3108,3,locataire,Non
2156,7,2804,0,propriétaire,Oui
2597,7,2640,4,locataire,Non
2934,16,2394,2,locataire,Non
2539,19,1603,1,propriétaire,Non
2532,19,753,0,locataire,Oui
1938,15,1869,1,propriétaire,Non
1969,13,2565,0,locataire,Non
1377,10,2072,2,propriétaire,Non
3899,6,934,4,propriétaire,Oui
1504,15,1834,2,locataire,Non
1945,12,1781,1,locataire,Non
1925,14,1937,0,locataire,Non
3215,15,2490,1,propriétaire,Oui
2264,20,2706,4,locataire,Non
3498,8,1499,2,propriétaire,Oui
1961,2,2981,1,propriétaire,Non
2723,18,3131,1,locataire,Non
1831,19,2320,4,locataire,Non
4216,4,2664,0,propriétaire,Oui
1549,9,2984,1,locataire,Non
2747,16,902,4,locataire,Non
3007,14,3054,0,locataire,Oui
2831,7,1209,0,locataire,Oui
2351,14,1307,2,propriétaire,Oui
2396,20,2196,4,locataire,Non
2535,13,0,0,propriétaire,Oui
2382,19,2175,2,locataire,Non
3271,6,2981,3,propriétaire,Oui
4268,20,354,4,locataire,Oui
2054,11,3089,3,locataire,Non
1404,16,1301,0,locataire,Non
2429,16,2206,4,propriétaire,Non
4563,9,1446,2,propriétaire,Oui
1857,18,2572,0,locataire,Non
3811,13,3024,4,locataire,Non
3842,10,2647,4,locataire,Non
2057,1,1996,3,locataire,Non
2955,17,1524,0,propriétaire,Oui
3802,6,1930,2,propriétaire,Oui
2196,11,2655,2,locataire,Non
2337,1,2690,0,propriétaire,Non
2034,19,2550,0,locataire,Non
1688,17,717,1,propriétaire,Non
1980,5,1976,3,locataire,Non
1520,9,1366,0,locataire,Non
2527,19,2664,0,locataire,Non
1884,14,1235,1,locataire,Non
2687,4,2452,1,propriétaire,Non
1255,19,1717,4,propriétaire,Non
2764,2,120,2,locataire,Non
3166,4,2930,3,propriétaire,Non
905,7,1974,4,locataire,Non
2799,7,3275,0,propriétaire,Oui
3482,7,334,1,locataire,Oui
1532,11,1708,2,locataire,Non
3838,7,1783,4,locataire,Non
2835,10,2270,2,locataire,Non
1935,13,674,1,propriétaire,Non
2455,7,2544,4,locataire,Non
2946,9,3911,4,locataire,Non
2560,6,2474,2,locataire,Non
2931,16,2092,1,propriétaire,Non
1763,3,622,0,propriétaire,Non
2635,12,1225,4,locataire,Non
1369,3,1944,0,locataire,Non
2411,4,1470,1,propriétaire,Non
1776,3,3026,4,locataire,Non
1911,17,2533,4,locataire,Non
3488,5,4692,0,locataire,Non
3373,1,1019,3,locataire,Non
2987,10,2033,0,locataire,Non
1626,13,616,0,propriétaire,Oui
2246,4,0,3,locataire,Non
3470,5,2722,1,propriétaire,Non
2613,9,2496,1,locataire,Non
4355,7,1145,4,propriétaire,Oui
2814,13,2093,2,locataire,Non
2653,2,1370,2,locataire,Non
2252,11,1505,4,locataire,Non
2606,15,1679,2,locataire,Non
2378,16,1103,0,locataire,Oui
3066,0,1283,0,propriétaire,Oui
3265,9,1311,3,locataire,Oui
1871,9,2422,3,propriétaire,Non
1435,20,0,4,propriétaire,Non
1031,1,1772,4,locataire,Non
2906,8,912,4,propriétaire,Oui
1617,12,948,0,locataire,Non
777,15,1474,2,locataire,Non
2810,17,1985,4,locataire,Non
4494,18,1785,4,locataire,Non
2495,11,935,0,locataire,Oui
3170,7,2721,0,propriétaire,Oui
2565,16,1097,0,locataire,Oui
2420,14,1265,2,locataire,Non
3235,9,2284,4,propriétaire,Oui
2267,14,2320,1,locataire,Non
2713,14,1388,1,locataire,Non
2757,6,0,4,propriétaire,Oui
1965,12,1114,4,locataire,Non
3293,16,2161,4,locataire,Non
2360,8,2688,4,locataire,Non
1895,7,1920,2,locataire,Non
2929,19,1521,1,propriétaire,Non
1781,20,4293,3,propriétaire,Non
2522,17,1627,1,locataire,Non
2492,12,2612,1,locataire,Non
3368,15,664,0,locataire,Oui
2879,8,909,4,propriétaire,Oui
2479,11,2647,4,locataire,Non
3154,11,3044,4,locataire,Non
3612,5,1610,0,propriétaire,Oui
2946,18,151,2,propriétaire,Oui
2508,6,1832,2,locataire,Non
1450,2,2189,3,locataire,Non
1647,15,2098,2,locataire,Non
2255,17,1436,2,locataire,Non
2012,15,1847,4,propriétaire,Non
2350,6,1250,1,propriétaire,Oui
2545,3,888,2,propriétaire,Non
2923,7,2755,2,locataire,Non
2443,12,2097,0,locataire,Non
2889,12,1849,3,locataire,Non
2551,16,1492,0,locataire,Oui
919,16,1819,4,propriétaire,Non
1748,4,2160,1,locataire,Non
2384,5,3728,3,locataire,Non
1532,18,2654,0,locataire,Non
2979,12,1333,2,locataire,Non
3724,13,1344,2,locataire,Oui
3475,3,1188,3,propriétaire,Oui
2329,6,1799,2,locataire,Non
3692,7,1187,0,propriétaire,Oui
2618,12,2474,0,locataire,Non
2230,5,0,2,locataire,Non
2009,5,2535,2,propriétaire,Non
2258,20,2275,4,locataire,Non
2189,2,3262,1,propriétaire,Non
2636,2,2876,3,locataire,Non
2628,12,1316,0,locataire,Oui
2502,1,2764,3,propriétaire,Non
2849,15,1831,4,propriétaire,Non
3452,5,65,0,propriétaire,Oui
3259,7,2158,4,locataire,Non
1312,7,1375,4,locataire,Non
456,5,2000,2,propriétaire,Non
3247,13,3651,3,propriétaire,Oui
1406,2,2224,3,locataire,Non
2320,9,982,2,locataire,Non
1563,2,2964,3,propriétaire,Non
1058,11,2362,2,locataire,Non
2933,16,864,0,locataire,Oui
3107,4,393,4,propriétaire,Oui
2038,19,1022,4,locataire,Non
427,8,2836,3,locataire,Non
2063,20,1698,1,propriétaire,Non
2813,19,2081,4,locataire,Non
1316,6,661,2,propriétaire,Non
2646,3,2863,1,locataire,Non
2487,12,0,1,locataire,Non
2963,12,1344,4,locataire,Non
2595,9,2418,4,propriétaire,Non
1721,17,877,4,locataire,Non
3457,16,2614,2,locataire,Non
2373,19,1130,1,locataire,Non
2478,19,773,3,locataire,Non
1753,12,3286,2,locataire,Non
2145,16,2153,0,locataire,Non
1792,3,2519,4,locataire,Non
2361,0,3018,1,locataire,Non
3869,0,0,2,propriétaire,Oui
1402,14,2634,0,propriétaire,Non
1209,12,1238,2,locataire,Non
3676,16,1370,2,locataire,Oui
2332,7,2437,3,propriétaire,Non
1964,17,1636,3,propriétaire,Non
3331,12,2594,2,locataire,Non
2015,13,1959,0,propriétaire,Oui
3960,7,2168,1,locataire,Non
3042,7,1509,1,locataire,Non
2109,14,935,4,locataire,Non
4225,12,1259,4,propriétaire,Oui
2015,6,1897,1,locataire,Non
3093,4,3837,2,propriétaire,Non
2739,16,3471,2,locataire,Non
3541,15,1346,3,locataire,Oui
3749,1,2060,3,locataire,Non
2525,17,1712,4,propriétaire,Non
1897,16,2130,1,locataire,Non
2867,6,2258,2,locataire,Non
1957,12,2527,1,locataire,Non
4110,17,0,0,propriétaire,Oui
2609,13,2366,1,locataire,Non
2207,17,1601,0,locataire,Non
2647,12,1295,3,locataire,Non
1422,10,2794,3,propriétaire,Non
1722,20,3466,4,propriétaire,Non
3460,20,2689,1,propriétaire,Oui
1974,15,1481,1,locataire,Non
1662,16,923,0,locataire,Non
2929,7,0,3,propriétaire,Oui
3448,18,2182,0,locataire,Oui
3075,19,2579,3,locataire,Non
3296,14,1898,0,locataire,Oui
1894,8,2933,3,propriétaire,Non
1362,19,679,0,locataire,Non
3701,9,1828,3,locataire,Non
2241,11,1749,0,propriétaire,Oui
2299,20,1889,1,locataire,Non
3562,19,3167,4,locataire,Non
2944,0,1895,0,propriétaire,Non
2864,19,1705,4,propriétaire,Non
4232,8,1063,1,propriétaire,Oui
1985,14,3328,1,propriétaire,Non
3242,0,568,3,locataire,Non
2545,11,1447,4,propriétaire,Oui
2714,2,3693,2,locataire,Non
3722,10,2468,3,propriétaire,Oui
2906,1,1979,4,propriétaire,Non
2930,15,2021,0,propriétaire,Oui
3358,8,1053,0,propriétaire,Oui
2208,14,1931,1,propriétaire,Non
1828,11,1650,2,locataire,Non
1664,0,2179,0,propriétaire,Non
926,12,493,4,locataire,Non
4144,13,2397,4,locataire,Non
1617,7,3016,0,locataire,Non
2322,7,1796,4,locataire,Non
2278,11,2647,4,propriétaire,Non
2745,0,2310,1,propriétaire,Non
3152,10,1392,2,locataire,Oui
3188,7,941,1,locataire,Oui
2033,9,1081,2,locataire,Non
2366,18,2292,4,propriétaire,Non
2726,10,1943,2,locataire,Non
2301,6,3275,4,propriétaire,Non
3785,10,2790,4,propriétaire,Oui
2892,16,2788,1,locataire,Non
3087,0,2263,1,propriétaire,Non
3030,20,1037,3,propriétaire,Oui
3438,20,2325,0,propriétaire,Oui
2644,7,2063,3,locataire,Non
1462,5,861,3,locataire,Non
2819,17,3209,2,propriétaire,Non
1978,5,3102,4,locataire,Non
2077,4,855,4,propriétaire,Non
2969,12,1362,4,locataire,Non
3490,18,1450,0,locataire,Oui
2517,7,2609,2,locataire,Non
2747,8,2494,2,locataire,Non
3861,16,2044,4,locataire,Non
2692,2,2273,3,locataire,Non
4581,18,712,0,locataire,Oui
2952,10,2381,3,propriétaire,Non
1091,16,1899,1,propriétaire,Non
3102,20,1320,2,locataire,Oui
2804,18,467,2,locataire,Non
3531,1,2026,3,locataire,Non
3038,7,2356,0,locataire,Oui
2389,18,297,2,locataire,Non
1520,6,2018,3,locataire,Non
2332,16,2122,0,locataire,Non
1819,5,1445,3,propriétaire,Non
2035,18,2379,0,locataire,Non
2970,5,1867,4,propriétaire,Non
3835,1,2283,0,locataire,Non
2815,5,2534,1,propriétaire,Non
1543,4,2534,4,locataire,Non
2855,18,3016,3,locataire,Non
3457,19,2338,4,locataire,Non
2012,3,1522,4,locataire,Non
2392,16,1352,3,locataire,Non
2511,10,936,3,locataire,Non
1872,3,2151,1,propriétaire,Non
3018,12,3321,3,locataire,Non
2403,19,1641,2,propriétaire,Non
2835,16,2449,2,locataire,Non
1790,8,1247,1,propriétaire,Non
2150,3,2194,0,locataire,Non
3077,13,3259,0,locataire,Oui
2201,18,2686,2,locataire,Non
3881,2,429,3,locataire,Non
2180,13,2570,1,locataire,Non
2679,7,2616,0,locataire,Non
3246,0,2173,0,propriétaire,Oui
1365,9,2667,4,propriétaire,Non
1091,17,1166,2,locataire,Non
1279,15,2063,3,propriétaire,Non
3510,7,3110,1,propriétaire,Oui
2058,0,3019,0,propriétaire,Non
4546,11,2548,4,locataire,Non
2048,7,1117,2,locataire,Non
2647,15,959,2,locataire,Non
3733,17,2114,1,propriétaire,Oui
4104,3,2180,0,locataire,Non
4149,5,1899,1,locataire,Non
3466,11,1195,1,locataire,Oui
3319,8,2436,4,locataire,Non
2974,14,2110,2,propriétaire,Non
3122,15,2289,3,locataire,Non
2059,11,2593,2,propriétaire,Non
1845,13,1726,2,propriétaire,Non
2497,12,1511,4,locataire,Non
2363,1,3107,3,locataire,Non
2137,2,1242,0,propriétaire,Oui
3057,9,1530,3,locataire,Non
3264,8,3234,0,locataire,Oui
2570,19,1452,3,locataire,Non
3682,7,1901,1,locataire,Non
1586,9,1588,3,locataire,Non
2345,18,216,4,locataire,Non
1926,2,1876,0,locataire,Non
1006,4,989,2,locataire,Non
2433,2,2254,4,propriétaire,Non
2402,15,3105,0,locataire,Non
3710,16,0,0,propriétaire,Oui
3004,14,1593,2,locataire,Non
1680,2,2452,1,propriétaire,Non
3983,11,0,4,locataire,Oui
3476,8,3336,2,propriétaire,Oui
2965,20,2379,2,locataire,Non
2318,11,3083,1,propriétaire,Non
1732,14,1436,4,locataire,Non
2202,1,1556,2,locataire,Non
3370,17,1839,1,locataire,Non
4007,19,4138,4,propriétaire,Oui
3734,11,3318,3,propriétaire,Oui
2108,3,2132,0,locataire,Non
1604,15,2254,1,propriétaire,Non
2612,15,2634,0,propriétaire,Oui
1085,0,4391,3,propriétaire,Non
2758,1,2382,2,propriétaire,Non
2381,2,2045,2,propriétaire,Non
2127,20,1661,4,locataire,Non
1224,19,2234,1,propriétaire,Non
2910,16,1412,1,locataire,Non
2073,19,2496,4,propriétaire,Non
1564,20,567,0,locataire,Non
202,0,1739,2,locataire,Non
2477,19,2734,2,locataire,Non
3917,5,2369,1,propriétaire,Non
3829,14,1537,1,propriétaire,Oui
2134,13,1767,4,locataire,Non
2018,19,3035,3,propriétaire,Non
2875,14,789,0,propriétaire,Oui
1701,13,795,3,propriétaire,Non
2741,20,1070,3,locataire,Non
3112,4,1989,1,propriétaire,Non
3481,5,643,1,locataire,Non
2419,16,2953,1,propriétaire,Non
2337,10,1075,3,locataire,Non
1797,15,2224,0,locataire,Non
1838,11,1420,1,propriétaire,Non
2318,14,1934,2,locataire,Non
2793,3,396,0,locataire,Non
3230,17,3001,2,propriétaire,Oui
1857,20,1038,0,locataire,Non
3694,2,933,1,locataire,Non
2283,7,4379,4,locataire,Non
2482,2,2554,1,locataire,Non
1902,7,2962,3,locataire,Non
560,17,2458,3,locataire,Non
3207,9,1547,0,propriétaire,Oui
3089,19,693,3,locataire,Oui
2274,16,1701,1,locataire,Non
2553,7,1021,2,locataire,Non
2912,10,1081,1,locataire,Non
1249,4,416,0,propriétaire,Non
2076,12,2114,3,propriétaire,Non
3135,20,3573,2,locataire,Non
1496,4,2558,4,locataire,Non
2734,12,1894,2,locataire,Non
1414,5,1959,2,propriétaire,Non
2873,4,0,1,locataire,Non
2471,8,1576,4,locataire,Non
1207,15,573,0,locataire,Non
3431,1,2134,0,propriétaire,Oui
1912,0,1740,2,propriétaire,Non
1851,7,1130,2,propriétaire,Non
2660,18,2111,3,locataire,Non
3418,10,2103,4,locataire,Non
1687,11,3518,2,locataire,Non
2549,11,2686,3,propriétaire,Non
2843,6,2216,4,propriétaire,Non
3054,12,1052,0,locataire,Oui
2641,7,926,3,locataire,Non
2206,8,2598,4,locataire,Non
1837,6,1799,3,locataire,Non
2568,20,2249,2,locataire,Non
1642,14,2978,1,locataire,Non
162,1,486,0,locataire,Non
2849,19,3397,2,locataire,Non
3223,11,2969,2,propriétaire,Oui
609,0,0,4,locataire,Non
1692,7,4353,3,locataire,Non
2995,4,2321,0,locataire,Non
4145,14,1521,2,propriétaire,Oui
2516,0,2519,4,propriétaire,Non
1917,0,1022,0,locataire,Non
2353,9,2546,3,locataire,Non
3599,9,1206,2,locataire,Oui
1983,20,4020,2,propriétaire,Non
1860,14,2060,2,propriétaire,Non
2113,16,2649,0,propriétaire,Oui
1737,5,1213,0,locataire,Non
2598,2,2816,0,propriétaire,Non
3799,12,1987,0,propriétaire,Oui
2758,15,588,4,propriétaire,Oui
2298,7,1761,1,locataire,Non
2266,14,3931,4,locataire,Non
1249,16,2858,2,locataire,Non
3206,16,1621,4,locataire,Non
2437,12,130,3,locataire,Non
2355,16,1167,0,propriétaire,Oui
5054,5,593,3,propriétaire,Oui
2739,16,154,3,propriétaire,Oui
1898,15,2785,2,locataire,Non
2158,13,2062,0,locataire,Non
3418,12,3795,3,propriétaire,Oui
2590,5,1002,2,locataire,Non
1349,2,1997,0,locataire,Non
3235,13,605,1,propriétaire,Oui
1965,13,1405,2,propriétaire,Non
3998,14,1777,4,locataire,Non
3364,7,1625,0,propriétaire,Oui
2142,14,2053,3,propriétaire,Non
3524,12,2971,3,propriétaire,Oui
2554,16,2866,4,propriétaire,Non
3182,20,1230,4,locataire,Oui
2887,2,1969,3,propriétaire,Non
1822,5,2794,0,locataire,Non
1985,4,3035,2,locataire,Non
3323,16,1338,4,propriétaire,Oui
2232,1,2708,4,locataire,Non
2177,14,2331,4,propriétaire,Non
1735,4,934,1,propriétaire,Non
2838,19,2800,0,propriétaire,Oui
4150,5,2151,0,propriétaire,Oui
1645,5,258,0,locataire,Non
2519,17,1706,0,locataire,Non
3629,17,2039,0,locataire,Oui
2436,3,1394,3,locataire,Non
2861,16,3228,4,locataire,Non
1650,13,3264,3,locataire,Non
2842,13,1617,1,propriétaire,Non
2350,12,1507,2,propriétaire,Non
3288,6,1868,4,propriétaire,Oui
3449,11,1799,1,propriétaire,Oui
4571,14,1407,3,locataire,Oui
2963,18,0,2,locataire,Non
2760,10,3754,1,locataire,Non
2655,14,2000,2,propriétaire,Non
2217,11,1821,1,locataire,Non
2770,2,2325,3,propriétaire,Non
2263,16,1919,2,locataire,Non
2634,2,1569,1,locataire,Non
3554,18,994,3,locataire,Oui
1694,19,161,4,locataire,Non
3411,3,645,3,locataire,Non
3553,2,883,3,propriétaire,Oui
2405,15,2650,4,propriétaire,Non
802,11,2724,3,locataire,Non
2013,7,1118,4,propriétaire,Oui
3537,16,0,4,locataire,Oui
2481,6,2009,4,propriétaire,Non
1700,10,1578,1,locataire,Non
2096,17,1553,2,propriétaire,Non
3172,0,2955,1,locataire,Non
2937,2,2138,4,locataire,Non
2308,3,1023,2,locataire,Non
2206,12,793,2,locataire,Non
2186,5,1737,4,locataire,Non
1762,13,1093,2,locataire,Non
3792,4,1927,2,propriétaire,Non
2242,15,3026,1,propriétaire,Non
3473,14,620,2,propriétaire,Oui
3717,14,2087,4,propriétaire,Oui
3298,3,2915,0,propriétaire,Oui
2154,7,1913,0,locataire,Non
2822,15,2721,0,locataire,Non
2480,15,1712,4,propriétaire,Non
1777,3,2170,0,propriétaire,Non
2759,12,2440,1,locataire,Non
1556,12,1427,4,locataire,Non
3450,1,3990,4,locataire,Non
2128,2,2577,4,propriétaire,Non
2660,7,3302,2,locataire,Non
2726,14,3071,2,propriétaire,Non
2292,10,2327,2,propriétaire,Non
2969,8,3385,3,propriétaire,Non
2120,6,2187,1,locataire,Non
3197,12,1270,4,locataire,Oui
1423,1,2014,4,locataire,Non
2601,7,993,2,locataire,Non
4051,6,0,4,propriétaire,Oui
1699,11,1147,4,locataire,Non
1957,18,2072,0,locataire,Non
2911,6,3061,4,locataire,Non
2643,9,1144,3,propriétaire,Oui
2780,15,3010,2,locataire,Non
2891,2,789,1,propriétaire,Non
3007,9,1080,1,locataire,Oui
3387,5,3449,0,locataire,Non
2827,17,2047,1,locataire,Non
2306,17,1826,1,locataire,Non
3038,4,2235,2,propriétaire,Non
4019,20,793,2,locataire,Oui
2393,6,1669,3,locataire,Non
1720,1,2002,0,propriétaire,Non
3385,10,3231,1,propriétaire,Oui
2403,12,329,3,propriétaire,Oui
761,4,3762,0,locataire,Non
3177,5,1875,1,locataire,Non
2071,13,889,1,propriétaire,Oui
2427,11,708,2,propriétaire,Oui
2765,3,2273,4,propriétaire,Non
2652,5,652,0,locataire,Non
3067,9,1439,1,propriétaire,Oui
2151,17,1750,0,propriétaire,Oui
2910,14,3143,3,locataire,Non
2292,7,3018,3,propriétaire,Non
3091,8,1357,4,propriétaire,Oui
2992,4,1787,1,locataire,Non
1751,9,404,2,locataire,Non
3368,19,0,1,propriétaire,Oui
2071,5,770,0,locataire,Non
3146,15,3123,3,locataire,Non
2793,2,2780,0,locataire,Non
3970,9,2383,4,locataire,Non
2321,10,542,3,propriétaire,Oui
2220,10,1288,2,locataire,Non
2484,16,1142,3,locataire,Non
2257,3,1834,1,propriétaire,Non
3139,3,1770,1,locataire,Non
1206,16,998,3,locataire,Non
1657,8,2349,4,propriétaire,Non
1645,18,2228,1,locataire,Non
3260,4,1271,1,locataire,Non
3868,5,2304,2,propriétaire,Non
2416,2,3124,3,propriétaire,Non
2364,0,3428,1,propriétaire,Non
2556,19,2490,4,propriétaire,Non
3429,15,2461,0,propriétaire,Oui
1758,10,1759,3,propriétaire,Non
2690,12,3029,2,propriétaire,Non
3280,9,929,1,locataire,Oui
2900,2,2913,4,locataire,Non
2651,8,1712,3,propriétaire,Non
3300,11,3490,4,locataire,Non
337,13,2588,4,locataire,Non
3042,0,1932,2,locataire,Non
1976,17,1763,3,locataire,Non
1035,16,2525,1,locataire,Non
2908,8,2477,2,propriétaire,Non
3598,8,1601,1,propriétaire,Oui
2390,9,2091,0,propriétaire,Oui
3262,18,2896,4,propriétaire,Oui
3789,14,636,0,locataire,Oui
3551,4,2725,4,locataire,Non
3811,14,2521,2,locataire,Non
3093,19,3186,1,propriétaire,Oui
2560,1,1284,1,locataire,Non
1218,12,2005,2,locataire,Non
2303,15,2205,3,propriétaire,Non
1825,14,2738,0,locataire,Non
4236,9,2429,0,propriétaire,Oui
2359,13,760,1,propriétaire,Oui
2598,9,2291,1,locataire,Non
2941,13,4004,1,locataire,Non
2534,8,2611,2,propriétaire,Non
3856,13,3638,3,locataire,Non
2001,2,3043,0,locataire,Non
2655,19,3362,4,locataire,Non
1906,15,2309,2,propriétaire,Non
1443,1,2521,0,locataire,Non
2010,9,2255,3,propriétaire,Non
2470,2,2004,2,propriétaire,Non
2156,10,2742,0,locataire,Non
1946,10,1478,2,propriétaire,Non
1374,20,3885,0,locataire,Non
2433,20,1071,0,locataire,Oui
1296,12,2811,3,propriétaire,Non
3108,6,3378,4,propriétaire,Oui
2565,16,1823,3,locataire,Non
1333,1,887,0,propriétaire,Non
2252,11,3155,2,propriétaire,Non
1898,9,2203,3,propriétaire,Non
2755,17,2813,4,locataire,Non
3572,10,1890,0,propriétaire,Oui
999,15,3731,3,locataire,Non
2592,16,0,3,locataire,Non
2371,18,2376,3,propriétaire,Non
3037,17,3341,3,propriétaire,Oui
2670,2,2105,2,locataire,Non
1898,20,2302,4,locataire,Non
2244,15,1565,4,locataire,Non
1863,5,2020,0,propriétaire,Non
3360,11,328,1,locataire,Oui
2517,10,1281,2,locataire,Non
4020,14,1213,0,locataire,Oui
2451,14,2669,0,propriétaire,Oui
1933,15,1428,3,propriétaire,Non
1289,9,1457,1,propriétaire,Non
1057,11,1622,1,propriétaire,Non
1232,12,1251,2,locataire,Non
2713,3,2269,1,locataire,Non
2906,6,2377,0,locataire,Non
1235,1,2825,1,propriétaire,Non
3216,14,2652,1,locataire,Non
2113,7,2552,4,locataire,Non
2617,6,1671,0,locataire,Non
3789,14,1606,1,locataire,Non
3217,13,1128,1,locataire,Oui
2285,7,1110,3,propriétaire,Oui
1787,11,2194,1,propriétaire,Non
778,12,1280,1,propriétaire,Non
1924,10,3468,4,propriétaire,Non
2331,16,1962,0,locataire,Non
1710,16,3501,2,locataire,Non
2394,3,2571,0,propriétaire,Non
2561,20,1222,3,propriétaire,Oui
2320,7,1937,0,locataire,Non
1979,4,326,1,propriétaire,Non
2634,15,2190,3,locataire,Non
2853,3,1314,0,locataire,Non
1627,14,886,3,propriétaire,Non
3628,11,3522,2,locataire,Non
2421,4,3030,0,locataire,Non
2515,15,3003,1,locataire,Non
3066,13,2782,3,locataire,Non
2686,9,765,4,propriétaire,Oui
3262,6,1599,3,propriétaire,Oui
2729,12,1660,4,propriétaire,Non
2010,19,290,1,propriétaire,Oui
2789,4,1442,2,locataire,Non
1585,2,1453,4,locataire,Non
2586,14,2125,2,locataire,Non
2473,3,4532,3,locataire,Non
2333,14,1979,1,locataire,Non
2397,13,2126,4,propriétaire,Non
994,19,1749,3,propriétaire,Non
2061,18,2737,0,locataire,Non
2574,12,926,3,propriétaire,Oui
2627,9,3896,2,locataire,Non
1677,20,1875,1,propriétaire,Non
3512,4,1604,1,propriétaire,Non
1807,19,2970,3,locataire,Non
3275,19,1109,0,locataire,Oui
2841,5,2719,2,propriétaire,Non
1983,3,3405,3,propriétaire,Non
3920,1,1758,3,propriétaire,Non
1545,15,4052,1,propriétaire,Non
3235,17,2644,2,propriétaire,Oui
3300,4,2656,0,locataire,Non
1963,3,3365,1,locataire,Non
3613,12,3630,3,locataire,Non
2299,18,2261,1,locataire,Non
2730,1,2796,1,locataire,Non
2708,12,3396,4,propriétaire,Non
2392,10,838,1,locataire,Non
3148,3,270,1,locataire,Non
3134,19,1942,2,propriétaire,Oui
1101,19,246,1,locataire,Non
3543,14,1686,0,locataire,Oui
1170,3,2314,3,propriétaire,Non
3326,8,1724,2,propriétaire,Oui
3401,6,1858,1,locataire,Non
1627,18,998,0,locataire,Non
2171,18,2788,3,propriétaire,Non
1615,5,936,2,locataire,Non
2328,5,0,0,locataire,Non
2253,19,1792,1,propriétaire,Non
3123,14,2915,4,locataire,Non
3548,14,2079,4,locataire,Non
3616,19,835,2,locataire,Oui
2050,8,2101,0,propriétaire,Oui
2332,3,2438,3,propriétaire,Non
1153,17,2090,0,locataire,Non
1855,17,1735,4,locataire,Non
3271,4,2486,2,locataire,Non
3792,19,261,1,locataire,Oui
1512,10,1106,0,locataire,Non
2026,4,694,4,propriétaire,Non
2478,3,3348,3,locataire,Non
2724,11,2712,2,locataire,Non
1852,1,2185,1,locataire,Non
2839,12,549,0,locataire,Oui
2120,9,2744,3,locataire,Non
2488,8,3386,1,locataire,Non
2937,9,2571,4,propriétaire,Non
2505,6,1964,4,propriétaire,Non
2150,3,2631,3,locataire,Non
2412,18,2272,4,locataire,Non
2429,9,2926,2,locataire,Non
2203,2,2903,3,locataire,Non
2292,20,1778,4,propriétaire,Non
3778,18,1339,0,locataire,Oui
2948,20,1600,4,propriétaire,Non
2263,1,2535,2,propriétaire,Non
3057,19,1660,1,propriétaire,Oui
2232,9,1249,1,propriétaire,Oui
3438,1,1999,4,locataire,Non
2795,1,3107,1,propriétaire,Non
2414,16,2135,4,propriétaire,Non
2858,15,1723,2,propriétaire,Non
1243,15,2320,1,locataire,Non
1598,13,2084,0,propriétaire,Non
1544,6,66,4,locataire,Non
2614,20,2696,1,propriétaire,Non
3886,10,2407,2,locataire,Non
4285,0,2016,2,propriétaire,Non
3010,10,3062,0,locataire,Oui
2900,20,3212,2,locataire,Non
1059,3,2798,2,locataire,Non
2065,6,1149,1,locataire,Non
1869,14,1184,4,locataire,Non
2003,17,3117,3,locataire,Non
2365,11,122,2,propriétaire,Oui
2122,16,1851,2,propriétaire,Non
916,0,2439,3,propriétaire,Non
3098,10,249,2,locataire,Oui
1641,0,2234,1,locataire,Non
2691,14,2954,1,locataire,Non
4159,20,514,3,propriétaire,Oui
1764,9,3658,2,propriétaire,Non
475,6,990,2,locataire,Non
2271,1,2574,4,locataire,Non
3380,9,1916,2,propriétaire,Oui
4066,3,2069,1,propriétaire,Non
1516,11,716,0,propriétaire,Oui
2897,18,3260,0,propriétaire,Oui
2127,10,2325,0,locataire,Non
2415,7,3620,0,locataire,Non
4615,17,742,2,locataire,Oui
1297,10,1818,2,locataire,Non
2702,10,2209,4,locataire,Non
2874,12,2060,2,locataire,Non
3368,2,2666,0,locataire,Non
2578,11,1806,3,locataire,Non
2746,2,4122,3,locataire,Non
2186,9,2039,1,locataire,Non
2715,16,0,1,locataire,Non
2225,1,2084,2,propriétaire,Non
2997,16,3261,3,propriétaire,Non
2204,15,1076,0,locataire,Oui
2801,1,1013,0,locataire,Non
2476,19,1159,0,locataire,Oui
3400,5,923,2,propriétaire,Oui
2458,9,1520,2,locataire,Non
1081,9,2909,4,locataire,Non
3509,7,3526,0,propriétaire,Oui
1775,0,0,0,locataire,Non
1976,12,1621,2,locataire,Non
2023,8,2302,2,locataire,Non
3599,9,2202,4,locataire,Non
791,14,3899,4,locataire,Non
5010,4,0,1,propriétaire,Oui
3344,15,0,3,locataire,Oui
2678,12,4062,0,propriétaire,Oui
2456,19,2753,0,locataire,Non
2728,17,1428,4,locataire,Non
2916,10,2171,4,locataire,Non
3016,8,2243,1,locataire,Non
2944,15,1404,3,locataire,Non
2571,1,2141,1,locataire,Non
2342,1,2354,3,propriétaire,Non
2378,11,4015,0,locataire,Non
2344,7,2963,1,locataire,Non
3407,8,3739,4,locataire,Non
2974,11,656,1,locataire,Non
147,8,1652,1,locataire,Non
3024,9,2242,0,locataire,Oui
2655,1,78,4,locataire,Non
2485,15,3181,4,locataire,Non
2189,19,2642,2,propriétaire,Non
3399,6,1632,2,locataire,Non
3258,1,1816,2,locataire,Non
1881,0,3253,0,propriétaire,Non
2825,18,1204,1,propriétaire,Oui
1722,3,3294,4,propriétaire,Non
1396,1,1747,4,locataire,Non
1998,13,2755,1,propriétaire,Non
3189,1,2086,4,locataire,Non
3262,14,4233,1,locataire,Non
2910,11,1112,0,propriétaire,Oui
3080,4,1426,0,locataire,Oui
2912,19,493,0,propriétaire,Oui
1986,6,903,1,propriétaire,Non
2845,20,2713,1,propriétaire,Non
3140,9,3600,3,propriétaire,Oui
3103,13,2826,4,locataire,Non
3451,13,1994,4,locataire,Non
3066,4,1106,3,propriétaire,Oui
2781,17,2898,3,propriétaire,Non
3356,13,1051,0,propriétaire,Oui
2478,1,651,3,propriétaire,Non
1794,11,1691,1,propriétaire,Non
2369,5,0,2,propriétaire,Non
1904,3,618,1,locataire,Non
